Path;SteerAngle;Throttle;Brake;Speed;X_Position;Y_Position;Pitch;Yaw;Roll
C:\Users\YangTianyi\Desktop\robotics\perception\IMG\robocam_2018_01_07_17_16_46_689.jpg;0;0;1;0;102.9455;74.25418;0.0002435705;283.7214;8.89186E-06
C:\Users\YangTianyi\Desktop\robotics\perception\IMG\robocam_2018_01_07_17_16_46_723.jpg;0;0;0;0;102.9455;74.25418;0.0002437139;283.7214;1.008388E-05
C:\Users\YangTianyi\Desktop\robotics\perception\IMG\robocam_2018_01_07_17_16_46_790.jpg;0;0;0;0;102.9455;74.25418;0.0002438318;283.7214;1.106399E-05
C:\Users\YangTianyi\Desktop\robotics\perception\IMG\robocam_2018_01_07_17_16_46_857.jpg;0;0;0;0;102.9455;74.25418;0.000243937;283.7214;1.193814E-05
C:\Users\YangTianyi\Desktop\robotics\perception\IMG\robocam_2018_01_07_17_16_46_923.jpg;0;0;0;0;102.9455;74.25418;0.0002439704;283.7214;1.221628E-05
C:\Users\YangTianyi\Desktop\robotics\perception\IMG\robocam_2018_01_07_17_16_46_998.jpg;0;0;0;0;102.9455;74.25418;0.0002435307;283.7214;1.213483E-05
C:\Users\YangTianyi\Desktop\robotics\perception\IMG\robocam_2018_01_07_17_16_47_064.jpg;0;0;0;0;102.9455;74.25418;0.0002428376;283.7214;1.173451E-05
C:\Users\YangTianyi\Desktop\robotics\perception\IMG\robocam_2018_01_07_17_16_47_129.jpg;0;0;0;0;102.9455;74.25418;0.0002421094;283.7214;1.10428E-05
C:\Users\YangTianyi\Desktop\robotics\perception\IMG\robocam_2018_01_07_17_16_47_194.jpg;0;0;0;0;102.9455;74.25418;0.0002413525;283.7214;1.011269E-05
C:\Users\YangTianyi\Desktop\robotics\perception\IMG\robocam_2018_01_07_17_16_47_262.jpg;0;0;0;0;102.9455;74.25418;0.0002403088;283.7214;8.585576E-06
C:\Users\YangTianyi\Desktop\robotics\perception\IMG\robocam_2018_01_07_17_16_47_329.jpg;0;0;0;0;102.9455;74.25418;0.0002395042;283.7214;7.258127E-06
C:\Users\YangTianyi\Desktop\robotics\perception\IMG\robocam_2018_01_07_17_16_47_394.jpg;0;0;0;0;102.9455;74.25418;0.000238682;283.7214;5.784988E-06
C:\Users\YangTianyi\Desktop\robotics\perception\IMG\robocam_2018_01_07_17_16_47_461.jpg;0;0;0;0;102.9455;74.25418;0.0002371412;283.7214;3.699609E-06
C:\Users\YangTianyi\Desktop\robotics\perception\IMG\robocam_2018_01_07_17_16_47_529.jpg;0;0;0;0;102.9455;74.25418;0.0002356561;283.7214;2.077797E-06
C:\Users\YangTianyi\Desktop\robotics\perception\IMG\robocam_2018_01_07_17_16_47_594.jpg;0;0;0;0;102.9455;74.25418;0.0002341647;283.7214;4.030073E-07
C:\Users\YangTianyi\Desktop\robotics\perception\IMG\robocam_2018_01_07_17_16_47_662.jpg;0;0;0;0;102.9455;74.25418;0.0002321698;283.7214;-1.88303E-06
C:\Users\YangTianyi\Desktop\robotics\perception\IMG\robocam_2018_01_07_17_16_47_729.jpg;0;0;0;0;102.9455;74.25418;0.0002313174;283.7214;-3.607819E-06
C:\Users\YangTianyi\Desktop\robotics\perception\IMG\robocam_2018_01_07_17_16_47_796.jpg;0;0;0;0;102.9455;74.25418;0.0002313301;283.7214;-5.288904E-06
C:\Users\YangTianyi\Desktop\robotics\perception\IMG\robocam_2018_01_07_17_16_47_862.jpg;0;0;0;0;102.9455;74.25418;0.0002310783;283.7214;-7.381565E-06
C:\Users\YangTianyi\Desktop\robotics\perception\IMG\robocam_2018_01_07_17_16_47_929.jpg;0;0;0;0;102.9455;74.25418;0.0002311245;283.7214;-8.784504E-06
C:\Users\YangTianyi\Desktop\robotics\perception\IMG\robocam_2018_01_07_17_16_47_996.jpg;0;0;0;0;102.9455;74.25418;0.000230758;283.7214;-1.004375E-05
C:\Users\YangTianyi\Desktop\robotics\perception\IMG\robocam_2018_01_07_17_16_48_061.jpg;0;0;0;0;102.9455;74.25418;0.0002305907;283.7214;-1.143444E-05
C:\Users\YangTianyi\Desktop\robotics\perception\IMG\robocam_2018_01_07_17_16_48_129.jpg;0;0;0;0;102.9455;74.25418;0.0002302831;283.7214;-1.220362E-05
C:\Users\YangTianyi\Desktop\robotics\perception\IMG\robocam_2018_01_07_17_16_48_197.jpg;0;0;0;0;102.9455;74.25418;0.0002302066;283.7214;-1.283937E-05
C:\Users\YangTianyi\Desktop\robotics\perception\IMG\robocam_2018_01_07_17_16_48_262.jpg;0;0;0;0;102.9455;74.25418;0.0002304027;283.7214;-1.299731E-05
C:\Users\YangTianyi\Desktop\robotics\perception\IMG\robocam_2018_01_07_17_16_48_330.jpg;0;0;0;0;102.9455;74.25418;0.0002306273;283.7214;-1.291685E-05
C:\Users\YangTianyi\Desktop\robotics\perception\IMG\robocam_2018_01_07_17_16_48_395.jpg;0;0;0;0;102.9455;74.25418;0.0002304521;283.7214;-1.258673E-05
C:\Users\YangTianyi\Desktop\robotics\perception\IMG\robocam_2018_01_07_17_16_48_463.jpg;0;0;0;0;102.9455;74.25418;0.000230554;283.7214;-1.173907E-05
C:\Users\YangTianyi\Desktop\robotics\perception\IMG\robocam_2018_01_07_17_16_48_530.jpg;0;0;0;0;102.9455;74.25418;0.0002304489;283.7214;-1.082617E-05
C:\Users\YangTianyi\Desktop\robotics\perception\IMG\robocam_2018_01_07_17_16_48_595.jpg;0;0;0;0;102.9455;74.25418;0.0002305811;283.7214;-9.726867E-06
C:\Users\YangTianyi\Desktop\robotics\perception\IMG\robocam_2018_01_07_17_16_48_664.jpg;0;0;0;0;102.9455;74.25418;0.0002312169;283.7214;-8.016313E-06
C:\Users\YangTianyi\Desktop\robotics\perception\IMG\robocam_2018_01_07_17_16_48_730.jpg;0;0;0;0;102.9455;74.25418;0.0002307485;283.7214;-6.549137E-06
C:\Users\YangTianyi\Desktop\robotics\perception\IMG\robocam_2018_01_07_17_16_48_793.jpg;0;0;0;0;102.9455;74.25418;0.0002315771;283.7214;-5.023012E-06
C:\Users\YangTianyi\Desktop\robotics\perception\IMG\robocam_2018_01_07_17_16_48_862.jpg;0;0;0;0;102.9455;74.25418;0.0002313811;283.7214;-3.078031E-06
C:\Users\YangTianyi\Desktop\robotics\perception\IMG\robocam_2018_01_07_17_16_48_929.jpg;0;0.2050975;0;0;102.9455;74.2542;-0.000141014;283.7493;-6.976141E-06
C:\Users\YangTianyi\Desktop\robotics\perception\IMG\robocam_2018_01_07_17_16_48_998.jpg;0;0.4005964;0;0.01372738;102.9461;74.25186;0.0513563;283.8411;-0.0001895761
C:\Users\YangTianyi\Desktop\robotics\perception\IMG\robocam_2018_01_07_17_16_49_064.jpg;0;0.6030151;0;0.05090035;102.9474;74.24669;0.1625865;283.8314;-0.0001684225
C:\Users\YangTianyi\Desktop\robotics\perception\IMG\robocam_2018_01_07_17_16_49_113.jpg;0;0.7026982;0;0.06613524;102.9484;74.24245;0.2479943;283.9785;-0.0008604616
C:\Users\YangTianyi\Desktop\robotics\perception\IMG\robocam_2018_01_07_17_16_49_180.jpg;0;0.9518515;0;0.11153;102.9516;74.22963;0.4871655;284.0403;-0.0008736954
C:\Users\YangTianyi\Desktop\robotics\perception\IMG\robocam_2018_01_07_17_16_49_246.jpg;0;1;0;0.1560778;102.9549;74.2163;0.7010346;283.9553;0.0001491014
C:\Users\YangTianyi\Desktop\robotics\perception\IMG\robocam_2018_01_07_17_16_49_312.jpg;0;1;0;0.2165478;102.959;74.19929;0.9482239;283.8253;0.0005415668
C:\Users\YangTianyi\Desktop\robotics\perception\IMG\robocam_2018_01_07_17_16_49_381.jpg;0;1;0;0.2732055;102.9657;74.17184;1.277066;283.9865;-0.002933401
C:\Users\YangTianyi\Desktop\robotics\perception\IMG\robocam_2018_01_07_17_16_49_447.jpg;0;1;0;0.3193575;102.9705;74.1524;1.288522;284.0438;-0.003201767
C:\Users\YangTianyi\Desktop\robotics\perception\IMG\robocam_2018_01_07_17_16_49_513.jpg;0;1;0;0.4089008;102.9758;74.13073;1.174651;284.0992;-0.001396774
C:\Users\YangTianyi\Desktop\robotics\perception\IMG\robocam_2018_01_07_17_16_49_581.jpg;0;1;0;0.4646831;102.9844;74.09595;1.101611;284.1177;-0.0001340806
C:\Users\YangTianyi\Desktop\robotics\perception\IMG\robocam_2018_01_07_17_16_49_647.jpg;0;1;0;0.4941323;102.992;74.06564;1.11268;284.1732;-0.001022854
C:\Users\YangTianyi\Desktop\robotics\perception\IMG\robocam_2018_01_07_17_16_49_713.jpg;0;1;0;0.5727093;103.0003;74.03216;1.162275;284.2468;-0.001214343
C:\Users\YangTianyi\Desktop\robotics\perception\IMG\robocam_2018_01_07_17_16_49_780.jpg;0;1;0;0.6127528;103.0126;73.98284;1.235634;284.4539;-0.002346409
C:\Users\YangTianyi\Desktop\robotics\perception\IMG\robocam_2018_01_07_17_16_49_848.jpg;0;1;0;0.6641508;103.0225;73.94339;1.236033;284.4246;-0.0005912957
C:\Users\YangTianyi\Desktop\robotics\perception\IMG\robocam_2018_01_07_17_16_49_915.jpg;0;1;0;0.7370929;103.0331;73.90149;1.207954;284.478;-0.0009586005
C:\Users\YangTianyi\Desktop\robotics\perception\IMG\robocam_2018_01_07_17_16_49_982.jpg;0;1;0;0.7739019;103.0488;73.8403;1.205286;284.588;-0.0003308304
C:\Users\YangTianyi\Desktop\robotics\perception\IMG\robocam_2018_01_07_17_16_50_047.jpg;0;1;0;0.824836;103.0614;73.79092;1.216017;284.5601;-0.0005358102
C:\Users\YangTianyi\Desktop\robotics\perception\IMG\robocam_2018_01_07_17_16_50_113.jpg;0;1;0;0.8964158;103.0747;73.73881;1.217456;284.4685;0.00021576
C:\Users\YangTianyi\Desktop\robotics\perception\IMG\robocam_2018_01_07_17_16_50_182.jpg;0;1;0;0.9489719;103.0936;73.6646;1.216597;284.444;-0.0006388867
C:\Users\YangTianyi\Desktop\robotics\perception\IMG\robocam_2018_01_07_17_16_50_249.jpg;0;1;0;0.9972112;103.1085;73.6058;1.21385;284.4755;-0.001239157
C:\Users\YangTianyi\Desktop\robotics\perception\IMG\robocam_2018_01_07_17_16_50_314.jpg;0;1;0;1.060644;103.1242;73.54404;1.217149;284.4675;-0.0006621041
C:\Users\YangTianyi\Desktop\robotics\perception\IMG\robocam_2018_01_07_17_16_50_380.jpg;0;1;0;1.103416;103.1461;73.45774;1.219615;284.5447;-0.00116756
C:\Users\YangTianyi\Desktop\robotics\perception\IMG\robocam_2018_01_07_17_16_50_449.jpg;0;1;0;1.152489;103.1634;73.38967;1.226208;284.5154;-0.0004436903
C:\Users\YangTianyi\Desktop\robotics\perception\IMG\robocam_2018_01_07_17_16_50_515.jpg;0;1;0;1.213018;103.1815;73.31902;1.227542;284.4745;-0.0005915874
C:\Users\YangTianyi\Desktop\robotics\perception\IMG\robocam_2018_01_07_17_16_50_583.jpg;0;1;0;1.26118;103.2065;73.22044;1.231825;284.4318;-0.0007596338
C:\Users\YangTianyi\Desktop\robotics\perception\IMG\robocam_2018_01_07_17_16_50_648.jpg;0;1;0;1.308319;103.2261;73.14326;1.236061;284.4078;-0.0008189728
C:\Users\YangTianyi\Desktop\robotics\perception\IMG\robocam_2018_01_07_17_16_50_714.jpg;0;1;0;1.373432;103.2463;73.06332;1.240356;284.3875;-0.0008382152
C:\Users\YangTianyi\Desktop\robotics\perception\IMG\robocam_2018_01_07_17_16_50_781.jpg;0;1;0;1.420475;103.2743;72.95251;1.243704;284.3676;-0.0009100437
C:\Users\YangTianyi\Desktop\robotics\perception\IMG\robocam_2018_01_07_17_16_50_848.jpg;0;1;0;1.467477;103.2961;72.86609;1.250164;284.3507;-0.0009086715
C:\Users\YangTianyi\Desktop\robotics\perception\IMG\robocam_2018_01_07_17_16_50_915.jpg;0;1;0;1.528819;103.3185;72.77702;1.253268;284.3397;-0.0009276334
C:\Users\YangTianyi\Desktop\robotics\perception\IMG\robocam_2018_01_07_17_16_50_984.jpg;0;1;0;1.576291;103.3494;72.65399;1.259445;284.3242;-0.000976486
C:\Users\YangTianyi\Desktop\robotics\perception\IMG\robocam_2018_01_07_17_16_51_065.jpg;0;1;0;1.638011;103.3815;72.52615;1.26603;284.3094;-0.001019815
C:\Users\YangTianyi\Desktop\robotics\perception\IMG\robocam_2018_01_07_17_16_51_131.jpg;0;0.9004441;0;1.699508;103.4063;72.42723;1.267876;284.2997;-0.001049371
C:\Users\YangTianyi\Desktop\robotics\perception\IMG\robocam_2018_01_07_17_16_51_194.jpg;0;0.7069056;0;1.73779;103.4317;72.32608;1.266711;284.2902;-0.0006196576
C:\Users\YangTianyi\Desktop\robotics\perception\IMG\robocam_2018_01_07_17_16_51_262.jpg;0;0.5086663;0;1.765675;103.466;72.18882;1.261352;284.2778;-0.0005178057
C:\Users\YangTianyi\Desktop\robotics\perception\IMG\robocam_2018_01_07_17_16_51_329.jpg;0;0.3076496;0;1.785281;103.492;72.08498;1.241194;284.2671;-0.0004603053
C:\Users\YangTianyi\Desktop\robotics\perception\IMG\robocam_2018_01_07_17_16_51_395.jpg;0;0.108735;0;1.795973;103.5179;71.98122;1.193715;284.2561;-0.0004083391
C:\Users\YangTianyi\Desktop\robotics\perception\IMG\robocam_2018_01_07_17_16_51_462.jpg;0;0;0;1.793257;103.5522;71.84408;1.073266;284.242;-0.0002727618
C:\Users\YangTianyi\Desktop\robotics\perception\IMG\robocam_2018_01_07_17_16_51_529.jpg;0;0;0;1.7881;103.5776;71.7422;0.9469647;284.2319;-6.28143E-05
C:\Users\YangTianyi\Desktop\robotics\perception\IMG\robocam_2018_01_07_17_16_51_595.jpg;0;0;0;1.780719;103.6029;71.64102;0.7996567;284.2227;0.001340048
C:\Users\YangTianyi\Desktop\robotics\perception\IMG\robocam_2018_01_07_17_16_51_661.jpg;0;0;0;1.77512;103.6365;71.507;0.5837012;284.2155;0.01289374
C:\Users\YangTianyi\Desktop\robotics\perception\IMG\robocam_2018_01_07_17_16_51_726.jpg;0;0;0;1.769459;103.6618;71.40701;0.4158017;284.2144;0.0290524
C:\Users\YangTianyi\Desktop\robotics\perception\IMG\robocam_2018_01_07_17_16_51_793.jpg;0;0;0;1.761811;103.687;71.30743;0.2442031;284.2144;0.04551936
C:\Users\YangTianyi\Desktop\robotics\perception\IMG\robocam_2018_01_07_17_16_51_865.jpg;0;0;0;1.755984;103.7205;71.17518;0.01636802;284.2145;0.0637648
C:\Users\YangTianyi\Desktop\robotics\perception\IMG\robocam_2018_01_07_17_16_51_931.jpg;0;0;0;1.74811;103.7455;71.07626;359.853;284.2147;0.07454295
C:\Users\YangTianyi\Desktop\robotics\perception\IMG\robocam_2018_01_07_17_16_52_000.jpg;0;0.09987198;0;1.742069;103.7786;70.94404;359.6785;284.2054;0.06056566
C:\Users\YangTianyi\Desktop\robotics\perception\IMG\robocam_2018_01_07_17_16_52_065.jpg;0;0.3036455;0;1.741058;103.8038;70.84397;359.5963;284.2005;0.04174596
C:\Users\YangTianyi\Desktop\robotics\perception\IMG\robocam_2018_01_07_17_16_52_132.jpg;0;0.5021455;0;1.755144;103.8295;70.74232;359.5678;284.1987;0.02173514
C:\Users\YangTianyi\Desktop\robotics\perception\IMG\robocam_2018_01_07_17_16_52_199.jpg;0;0.6978353;0;1.776392;103.8647;70.60318;359.6268;284.1985;-0.00164548
C:\Users\YangTianyi\Desktop\robotics\perception\IMG\robocam_2018_01_07_17_16_52_266.jpg;0;0.9054042;0;1.805697;103.892;70.49524;359.7556;284.1986;359.9827
C:\Users\YangTianyi\Desktop\robotics\perception\IMG\robocam_2018_01_07_17_16_52_331.jpg;0;1;0;1.859451;103.9203;70.38358;359.9627;284.1987;359.9688
C:\Users\YangTianyi\Desktop\robotics\perception\IMG\robocam_2018_01_07_17_16_52_398.jpg;0;1;0;1.902621;103.9594;70.2291;0.3397671;284.1989;359.9533
C:\Users\YangTianyi\Desktop\robotics\perception\IMG\robocam_2018_01_07_17_16_52_467.jpg;0;1;0;1.945958;103.9901;70.11012;0.6392423;284.213;359.9815
C:\Users\YangTianyi\Desktop\robotics\perception\IMG\robocam_2018_01_07_17_16_52_531.jpg;0;1;0;2.004635;104.021;69.98836;0.944505;284.2153;-0.0005528535
C:\Users\YangTianyi\Desktop\robotics\perception\IMG\robocam_2018_01_07_17_16_52_599.jpg;0;1;0;2.048794;104.0626;69.82217;1.333646;284.2031;-0.00122946
C:\Users\YangTianyi\Desktop\robotics\perception\IMG\robocam_2018_01_07_17_16_52_666.jpg;0;1;0;2.090857;104.0934;69.69878;1.391675;284.1858;-0.003799706
C:\Users\YangTianyi\Desktop\robotics\perception\IMG\robocam_2018_01_07_17_16_52_731.jpg;0;0.8968785;0;2.162073;104.1243;69.57463;1.287764;284.1713;-0.0006836317
C:\Users\YangTianyi\Desktop\robotics\perception\IMG\robocam_2018_01_07_17_16_52_799.jpg;1.99161;0.6996738;0;2.199054;104.1669;69.4052;1.193036;284.2512;0.003166719
C:\Users\YangTianyi\Desktop\robotics\perception\IMG\robocam_2018_01_07_17_16_52_867.jpg;0;0.4977252;0;2.225893;104.1993;69.27619;1.138343;284.2955;-0.0006231109
C:\Users\YangTianyi\Desktop\robotics\perception\IMG\robocam_2018_01_07_17_16_52_931.jpg;0;0.2945347;0;2.246804;104.2319;69.14639;1.080875;284.2933;-0.0005016546
C:\Users\YangTianyi\Desktop\robotics\perception\IMG\robocam_2018_01_07_17_16_52_995.jpg;0;0.1091538;0;2.25204;104.2645;69.01659;1.005235;284.2831;-0.0004127563
C:\Users\YangTianyi\Desktop\robotics\perception\IMG\robocam_2018_01_07_17_16_53_065.jpg;0;0;0;2.247768;104.3076;68.84468;0.8589277;284.2682;-0.0002376692
C:\Users\YangTianyi\Desktop\robotics\perception\IMG\robocam_2018_01_07_17_16_53_132.jpg;0;0;0;2.238678;104.3397;68.71671;0.7208559;284.2576;-2.888385E-06
C:\Users\YangTianyi\Desktop\robotics\perception\IMG\robocam_2018_01_07_17_16_53_201.jpg;0;0;0;2.231545;104.3823;68.54715;0.5139294;284.2467;0.006025476
C:\Users\YangTianyi\Desktop\robotics\perception\IMG\robocam_2018_01_07_17_16_53_262.jpg;1.508425;0;0;2.224348;104.4148;68.42081;0.3492653;284.3185;0.02890791
C:\Users\YangTianyi\Desktop\robotics\perception\IMG\robocam_2018_01_07_17_16_53_330.jpg;4.277592;0;0;2.216641;104.4491;68.29559;0.1780476;284.6764;0.09718058
C:\Users\YangTianyi\Desktop\robotics\perception\IMG\robocam_2018_01_07_17_16_53_399.jpg;7.293519;0;0;2.204972;104.4987;68.13055;359.9526;285.6202;0.2575447
C:\Users\YangTianyi\Desktop\robotics\perception\IMG\robocam_2018_01_07_17_16_53_467.jpg;4.089797;0.1038666;0;2.195888;104.5369;68.00674;359.8343;286.2801;0.3530916
C:\Users\YangTianyi\Desktop\robotics\perception\IMG\robocam_2018_01_07_17_16_53_532.jpg;1.133482;0.3009543;0;2.194659;104.5751;67.88219;359.755;286.6606;0.4143314
C:\Users\YangTianyi\Desktop\robotics\perception\IMG\robocam_2018_01_07_17_16_53_601.jpg;0;0.5017041;0;2.204099;104.6256;67.71351;359.727;286.7564;0.4348826
C:\Users\YangTianyi\Desktop\robotics\perception\IMG\robocam_2018_01_07_17_16_53_667.jpg;0;0.7007933;0;2.222129;104.6642;67.58447;359.7759;286.7612;0.4320015
C:\Users\YangTianyi\Desktop\robotics\perception\IMG\robocam_2018_01_07_17_16_53_732.jpg;0;0.9000877;0;2.260527;104.7038;67.45264;359.8889;286.7615;0.4231243
C:\Users\YangTianyi\Desktop\robotics\perception\IMG\robocam_2018_01_07_17_16_53_800.jpg;0;1;0;2.299799;104.7582;67.27155;0.1494682;286.7603;0.3996719
C:\Users\YangTianyi\Desktop\robotics\perception\IMG\robocam_2018_01_07_17_16_53_865.jpg;0;1;0;2.341536;104.7998;67.13201;0.394178;286.7506;0.3537559
C:\Users\YangTianyi\Desktop\robotics\perception\IMG\robocam_2018_01_07_17_16_53_933.jpg;0;1;0;2.397887;104.8421;66.98969;0.6579489;286.7371;0.2829438
C:\Users\YangTianyi\Desktop\robotics\perception\IMG\robocam_2018_01_07_17_16_54_001.jpg;0;1;0;2.440144;104.8996;66.79574;1.030233;286.7142;0.1625766
C:\Users\YangTianyi\Desktop\robotics\perception\IMG\robocam_2018_01_07_17_16_54_067.jpg;0;1;0;2.482465;104.9432;66.64746;1.301111;286.6828;0.04415431
C:\Users\YangTianyi\Desktop\robotics\perception\IMG\robocam_2018_01_07_17_16_54_133.jpg;0;1;0;2.538649;104.9879;66.49977;1.41704;286.6925;359.9932
C:\Users\YangTianyi\Desktop\robotics\perception\IMG\robocam_2018_01_07_17_16_54_200.jpg;0;1;0;2.590579;105.0475;66.30231;1.320143;286.6529;-0.001164509
C:\Users\YangTianyi\Desktop\robotics\perception\IMG\robocam_2018_01_07_17_16_54_267.jpg;0;1;0;2.633959;105.0925;66.15044;1.289628;286.6389;-0.001029578
C:\Users\YangTianyi\Desktop\robotics\perception\IMG\robocam_2018_01_07_17_16_54_333.jpg;0;1;0;2.689261;105.1383;65.99551;1.295169;286.6245;-0.000846386
C:\Users\YangTianyi\Desktop\robotics\perception\IMG\robocam_2018_01_07_17_16_54_400.jpg;0;0.8967041;0;2.730695;105.2004;65.78458;1.344301;286.6028;-0.000884833
C:\Users\YangTianyi\Desktop\robotics\perception\IMG\robocam_2018_01_07_17_16_54_466.jpg;0;0.696061;0;2.76586;105.2474;65.6245;1.356933;286.5867;-0.001380112
C:\Users\YangTianyi\Desktop\robotics\perception\IMG\robocam_2018_01_07_17_16_54_532.jpg;0;0.4960195;0;2.800562;105.2946;65.46362;1.33351;286.5723;-0.0007393948
C:\Users\YangTianyi\Desktop\robotics\perception\IMG\robocam_2018_01_07_17_16_54_601.jpg;0;0.2972772;0;2.814328;105.3576;65.2484;1.272381;286.5493;-0.0006402881
C:\Users\YangTianyi\Desktop\robotics\perception\IMG\robocam_2018_01_07_17_16_54_667.jpg;0;0.09969479;0;2.819623;105.4047;65.0874;1.189234;286.5316;-0.0005598359
C:\Users\YangTianyi\Desktop\robotics\perception\IMG\robocam_2018_01_07_17_16_54_732.jpg;0;0;0;2.812238;105.4515;64.92744;1.066281;286.5146;-0.0003886544
C:\Users\YangTianyi\Desktop\robotics\perception\IMG\robocam_2018_01_07_17_16_54_801.jpg;0;0;0;2.80335;105.5133;64.71583;0.8522096;286.4936;-5.028482E-05
C:\Users\YangTianyi\Desktop\robotics\perception\IMG\robocam_2018_01_07_17_16_54_868.jpg;0;0.1022716;0;2.79447;105.5595;64.55802;0.6697556;286.4795;0.001649457
C:\Users\YangTianyi\Desktop\robotics\perception\IMG\robocam_2018_01_07_17_16_54_934.jpg;0;0.2997658;0;2.791243;105.6057;64.40025;0.4910802;286.4685;0.00856423
C:\Users\YangTianyi\Desktop\robotics\perception\IMG\robocam_2018_01_07_17_16_55_002.jpg;0;0.5001091;0;2.799179;105.6678;64.18841;0.2961704;286.4575;0.02226463
C:\Users\YangTianyi\Desktop\robotics\perception\IMG\robocam_2018_01_07_17_16_55_068.jpg;0;0.6985434;0;2.815301;105.715;64.02741;0.2031746;286.4507;0.03202581
C:\Users\YangTianyi\Desktop\robotics\perception\IMG\robocam_2018_01_07_17_16_55_134.jpg;-1.510304;0.9016991;0;2.851175;105.7628;63.86375;0.1693683;286.4138;0.0327299
C:\Users\YangTianyi\Desktop\robotics\perception\IMG\robocam_2018_01_07_17_16_55_202.jpg;-4.470807;1;0;2.887857;105.8248;63.63961;0.2264648;285.8912;359.9698
C:\Users\YangTianyi\Desktop\robotics\perception\IMG\robocam_2018_01_07_17_16_55_266.jpg;-1.47591;1;0;2.927146;105.8717;63.46769;0.3268221;285.4916;359.9344
C:\Users\YangTianyi\Desktop\robotics\perception\IMG\robocam_2018_01_07_17_16_55_333.jpg;0;1;0;2.980588;105.9202;63.29295;0.4705018;285.3701;359.9333
C:\Users\YangTianyi\Desktop\robotics\perception\IMG\robocam_2018_01_07_17_16_55_402.jpg;0;1;0;3.020554;105.9862;63.05557;0.7107245;285.3531;359.9572
C:\Users\YangTianyi\Desktop\robotics\perception\IMG\robocam_2018_01_07_17_16_55_467.jpg;0;1;0;3.060566;106.0367;62.87444;0.9152968;285.3673;359.9919
C:\Users\YangTianyi\Desktop\robotics\perception\IMG\robocam_2018_01_07_17_16_55_533.jpg;0;1;0;3.114127;106.0872;62.69066;1.128043;285.3694;-0.001810511
C:\Users\YangTianyi\Desktop\robotics\perception\IMG\robocam_2018_01_07_17_16_55_601.jpg;1.516801;1;0;3.15433;106.1556;62.44217;1.399985;285.4327;-0.002332659
C:\Users\YangTianyi\Desktop\robotics\perception\IMG\robocam_2018_01_07_17_16_55_668.jpg;4.565213;1;0;3.193109;106.2085;62.25641;1.434067;285.8188;359.9932
C:\Users\YangTianyi\Desktop\robotics\perception\IMG\robocam_2018_01_07_17_16_55_733.jpg;7.526055;1;0;3.253301;106.2649;62.07059;1.37093;286.5956;0.002005034
C:\Users\YangTianyi\Desktop\robotics\perception\IMG\robocam_2018_01_07_17_16_55_800.jpg;4.545999;1;0;3.292998;106.3455;61.8206;1.289459;287.734;0.06108352
C:\Users\YangTianyi\Desktop\robotics\perception\IMG\robocam_2018_01_07_17_16_55_868.jpg;1.53663;1;0;3.332556;106.4075;61.63044;1.242801;288.2467;0.09368958
C:\Users\YangTianyi\Desktop\robotics\perception\IMG\robocam_2018_01_07_17_16_55_933.jpg;0;1;0;3.385865;106.4702;61.43745;1.224755;288.4044;0.108947
C:\Users\YangTianyi\Desktop\robotics\perception\IMG\robocam_2018_01_07_17_16_56_002.jpg;0;1;0;3.424375;106.5551;61.17616;1.233291;288.4168;0.1032195
C:\Users\YangTianyi\Desktop\robotics\perception\IMG\robocam_2018_01_07_17_16_56_068.jpg;0;1;0;3.464161;106.6199;60.97721;1.263763;288.3947;0.08295429
C:\Users\YangTianyi\Desktop\robotics\perception\IMG\robocam_2018_01_07_17_16_56_151.jpg;0;1;0;3.515375;106.7075;60.70799;1.332428;288.3513;0.0316242
C:\Users\YangTianyi\Desktop\robotics\perception\IMG\robocam_2018_01_07_17_16_56_219.jpg;0;1;0;3.567448;106.797;60.43466;1.422058;288.3217;-0.002768934
C:\Users\YangTianyi\Desktop\robotics\perception\IMG\robocam_2018_01_07_17_16_56_283.jpg;0;1;0;3.60575;106.8649;60.22795;1.439095;288.3052;-0.001844172
C:\Users\YangTianyi\Desktop\robotics\perception\IMG\robocam_2018_01_07_17_16_56_351.jpg;0;1;0;3.660278;106.9331;60.01938;1.421367;288.2841;-0.001286739
C:\Users\YangTianyi\Desktop\robotics\perception\IMG\robocam_2018_01_07_17_16_56_418.jpg;0;1;0;3.699263;107.025;59.7373;1.424502;288.254;-0.001610274
C:\Users\YangTianyi\Desktop\robotics\perception\IMG\robocam_2018_01_07_17_16_56_484.jpg;-1.492845;1;0;3.737325;107.0943;59.52303;1.42646;288.1664;-0.001262042
C:\Users\YangTianyi\Desktop\robotics\perception\IMG\robocam_2018_01_07_17_16_56_552.jpg;-4.453779;1;0;3.788373;107.1627;59.30602;1.431918;287.824;-9.630638E-05
C:\Users\YangTianyi\Desktop\robotics\perception\IMG\robocam_2018_01_07_17_16_56_617.jpg;-4.560317;1;0;3.826059;107.2511;59.01253;1.417805;286.9075;0.0003902273
C:\Users\YangTianyi\Desktop\robotics\perception\IMG\robocam_2018_01_07_17_16_56_684.jpg;-1.576597;1;0;3.863994;107.3171;58.78934;1.417955;286.3961;-0.001719866
C:\Users\YangTianyi\Desktop\robotics\perception\IMG\robocam_2018_01_07_17_16_56_751.jpg;0;1;0;3.915111;107.3838;58.5638;1.426891;286.1968;-0.003520133
C:\Users\YangTianyi\Desktop\robotics\perception\IMG\robocam_2018_01_07_17_16_56_819.jpg;0;1;0;3.952346;107.4729;58.25956;1.436394;286.1267;-0.003692504
C:\Users\YangTianyi\Desktop\robotics\perception\IMG\robocam_2018_01_07_17_16_56_884.jpg;0;1;0;3.990593;107.54;58.02864;1.445384;286.1098;-0.00387822
C:\Users\YangTianyi\Desktop\robotics\perception\IMG\robocam_2018_01_07_17_16_56_952.jpg;2.158826;1;0;4.040736;107.6075;57.79551;1.45301;286.1353;-0.003565011
C:\Users\YangTianyi\Desktop\robotics\perception\IMG\robocam_2018_01_07_17_16_57_020.jpg;1.865243;1;0;4.077614;107.7004;57.48205;1.455364;286.5655;-0.004066288
C:\Users\YangTianyi\Desktop\robotics\perception\IMG\robocam_2018_01_07_17_16_57_086.jpg;0;1;0;4.114718;107.7707;57.24439;1.458998;286.7128;-0.00286574
C:\Users\YangTianyi\Desktop\robotics\perception\IMG\robocam_2018_01_07_17_16_57_150.jpg;0;1;0;4.164395;107.8415;57.00452;1.464268;286.7483;-0.002000191
C:\Users\YangTianyi\Desktop\robotics\perception\IMG\robocam_2018_01_07_17_16_57_217.jpg;0;1;0;4.201663;107.937;56.68149;1.465893;286.7403;-0.001753584
C:\Users\YangTianyi\Desktop\robotics\perception\IMG\robocam_2018_01_07_17_16_57_284.jpg;0;1;0;4.238478;108.0093;56.4367;1.468912;286.7216;-0.001364832
C:\Users\YangTianyi\Desktop\robotics\perception\IMG\robocam_2018_01_07_17_16_57_351.jpg;0;1;0;4.286923;108.0823;56.18975;1.474838;286.6981;-0.001383145
C:\Users\YangTianyi\Desktop\robotics\perception\IMG\robocam_2018_01_07_17_16_57_418.jpg;0;1;0;4.324154;108.1804;55.85727;1.476204;286.6666;-0.001391859
C:\Users\YangTianyi\Desktop\robotics\perception\IMG\robocam_2018_01_07_17_16_57_486.jpg;0;1;0;4.360578;108.2546;55.60537;1.480219;286.6416;-0.001434645
C:\Users\YangTianyi\Desktop\robotics\perception\IMG\robocam_2018_01_07_17_16_57_551.jpg;0;1;0;4.408512;108.3293;55.35133;1.485645;286.6158;-0.001446125
C:\Users\YangTianyi\Desktop\robotics\perception\IMG\robocam_2018_01_07_17_16_57_619.jpg;0;1;0;4.445343;108.4296;55.00939;1.487902;286.5812;-0.001846681
C:\Users\YangTianyi\Desktop\robotics\perception\IMG\robocam_2018_01_07_17_16_57_685.jpg;0;1;0;4.481352;108.5051;54.75034;1.491298;286.4914;-0.001554101
C:\Users\YangTianyi\Desktop\robotics\perception\IMG\robocam_2018_01_07_17_16_57_752.jpg;0;1;0;4.529067;108.5812;54.48918;1.496182;286.4405;-0.001162302
C:\Users\YangTianyi\Desktop\robotics\perception\IMG\robocam_2018_01_07_17_16_57_820.jpg;0;1;0;4.565124;108.6831;54.13773;1.4971;286.3822;-0.001315941
C:\Users\YangTianyi\Desktop\robotics\perception\IMG\robocam_2018_01_07_17_16_57_886.jpg;0;0.9002265;0;4.600441;108.7601;53.87185;1.49293;286.3467;-0.001486711
C:\Users\YangTianyi\Desktop\robotics\perception\IMG\robocam_2018_01_07_17_16_57_951.jpg;0;0.6992694;0;4.639399;108.8372;53.60452;1.476975;286.3135;-0.001314581
C:\Users\YangTianyi\Desktop\robotics\perception\IMG\robocam_2018_01_07_17_16_58_020.jpg;0;0.4941329;0;4.657605;108.9401;53.24697;1.424834;286.2705;-0.00122477
C:\Users\YangTianyi\Desktop\robotics\perception\IMG\robocam_2018_01_07_17_16_58_085.jpg;0;0.3017398;0;4.667202;109.0171;52.97894;1.347128;286.239;-0.0011284
C:\Users\YangTianyi\Desktop\robotics\perception\IMG\robocam_2018_01_07_17_16_58_151.jpg;0;0.09632204;0;4.665483;109.0937;52.71175;1.226556;286.2086;-0.000993153
C:\Users\YangTianyi\Desktop\robotics\perception\IMG\robocam_2018_01_07_17_16_58_219.jpg;0;0;0;4.653571;109.195;52.35784;0.9910671;286.171;-0.0007214666
C:\Users\YangTianyi\Desktop\robotics\perception\IMG\robocam_2018_01_07_17_16_58_287.jpg;0;0;0;4.638682;109.2705;52.09418;0.7697309;286.1455;-0.0003673292
C:\Users\YangTianyi\Desktop\robotics\perception\IMG\robocam_2018_01_07_17_16_58_351.jpg;0;0;0;4.618814;109.3455;51.83183;0.5241668;286.1233;0.001071584
C:\Users\YangTianyi\Desktop\robotics\perception\IMG\robocam_2018_01_07_17_16_58_419.jpg;0;0;0;4.603902;109.4453;51.48374;0.1785919;286.1032;0.01291106
C:\Users\YangTianyi\Desktop\robotics\perception\IMG\robocam_2018_01_07_17_16_58_487.jpg;0;0;0;4.588947;109.5198;51.22345;359.9333;286.0894;0.01721372
C:\Users\YangTianyi\Desktop\robotics\perception\IMG\robocam_2018_01_07_17_16_58_551.jpg;0;0;0;4.567939;109.5943;50.96314;359.7438;286.0714;-0.002013121
C:\Users\YangTianyi\Desktop\robotics\perception\IMG\robocam_2018_01_07_17_16_58_619.jpg;0;0;0;4.552076;109.6941;50.617;359.5302;286.0675;-0.0002012772
C:\Users\YangTianyi\Desktop\robotics\perception\IMG\robocam_2018_01_07_17_16_58_687.jpg;0;0;0;4.535956;109.7686;50.35794;359.4001;286.0652;-0.001768989
C:\Users\YangTianyi\Desktop\robotics\perception\IMG\robocam_2018_01_07_17_16_58_753.jpg;0;0;0;4.514303;109.843;50.09939;359.2965;286.0636;-0.00337889
C:\Users\YangTianyi\Desktop\robotics\perception\IMG\robocam_2018_01_07_17_16_58_819.jpg;-2.94674;0;0;4.498842;109.941;49.75516;359.197;285.8614;-0.004222865
C:\Users\YangTianyi\Desktop\robotics\perception\IMG\robocam_2018_01_07_17_16_58_887.jpg;-5.945116;0;0;4.481418;110.0109;49.49683;359.1434;285.3491;359.9285
C:\Users\YangTianyi\Desktop\robotics\perception\IMG\robocam_2018_01_07_17_16_58_953.jpg;-9.018777;0;0;4.457588;110.0769;49.23787;359.1316;284.4806;359.8112
C:\Users\YangTianyi\Desktop\robotics\perception\IMG\robocam_2018_01_07_17_16_59_017.jpg;-5.948873;0;0;4.440002;110.1592;48.89161;359.1931;283.2032;359.6123
C:\Users\YangTianyi\Desktop\robotics\perception\IMG\robocam_2018_01_07_17_16_59_084.jpg;-3.136906;0;0;4.422737;110.219;48.63084;359.346;282.5126;359.5346
C:\Users\YangTianyi\Desktop\robotics\perception\IMG\robocam_2018_01_07_17_16_59_151.jpg;-0.1932764;0;0;4.398089;110.2769;48.37003;359.536;282.1227;359.4874
C:\Users\YangTianyi\Desktop\robotics\perception\IMG\robocam_2018_01_07_17_16_59_218.jpg;0;0;0;4.383101;110.3517;48.02425;359.7289;281.9565;359.4137
C:\Users\YangTianyi\Desktop\robotics\perception\IMG\robocam_2018_01_07_17_16_59_284.jpg;0;0;0;4.368392;110.4071;47.7663;359.8449;281.9284;359.3833
C:\Users\YangTianyi\Desktop\robotics\perception\IMG\robocam_2018_01_07_17_16_59_352.jpg;0;0;0;4.353664;110.4618;47.5098;359.9213;281.9182;359.3593
C:\Users\YangTianyi\Desktop\robotics\perception\IMG\robocam_2018_01_07_17_16_59_420.jpg;0;0;0;4.334469;110.5341;47.16997;359.9716;281.9162;359.3532
C:\Users\YangTianyi\Desktop\robotics\perception\IMG\robocam_2018_01_07_17_16_59_487.jpg;0;0;0;4.320027;110.588;46.91658;359.9804;281.9194;359.3727
C:\Users\YangTianyi\Desktop\robotics\perception\IMG\robocam_2018_01_07_17_16_59_550.jpg;0;0;0;4.300843;110.6416;46.66442;359.9649;281.9225;359.4069
C:\Users\YangTianyi\Desktop\robotics\perception\IMG\robocam_2018_01_07_17_16_59_614.jpg;0;0;0;4.28645;110.695;46.41342;359.9323;281.9275;359.4586
C:\Users\YangTianyi\Desktop\robotics\perception\IMG\robocam_2018_01_07_17_16_59_685.jpg;0;0;0;4.27211;110.7657;46.08048;359.8633;281.9333;359.5439
C:\Users\YangTianyi\Desktop\robotics\perception\IMG\robocam_2018_01_07_17_16_59_753.jpg;-1.511043;0;0;4.252964;110.8183;45.83192;359.8002;281.915;359.617
C:\Users\YangTianyi\Desktop\robotics\perception\IMG\robocam_2018_01_07_17_16_59_820.jpg;-4.515146;0;0;4.238305;110.8848;45.50127;359.7116;281.4638;359.6545
C:\Users\YangTianyi\Desktop\robotics\perception\IMG\robocam_2018_01_07_17_16_59_884.jpg;-7.58813;0;0;4.222796;110.9302;45.25343;359.6551;280.697;359.6104
C:\Users\YangTianyi\Desktop\robotics\perception\IMG\robocam_2018_01_07_17_16_59_951.jpg;-10.48514;0;0;4.20001;110.9702;45.00549;359.6146;279.5498;359.4818
C:\Users\YangTianyi\Desktop\robotics\perception\IMG\robocam_2018_01_07_17_17_00_018.jpg;-7.52119;0;0;4.182541;111.016;44.67484;359.5971;277.8795;359.2241
C:\Users\YangTianyi\Desktop\robotics\perception\IMG\robocam_2018_01_07_17_17_00_087.jpg;-4.536084;0;0;4.166585;111.048;44.4258;359.6918;276.9485;359.1107
C:\Users\YangTianyi\Desktop\robotics\perception\IMG\robocam_2018_01_07_17_17_00_152.jpg;-1.447397;0;0;4.143551;111.0781;44.17603;359.8684;276.3757;359.0693
C:\Users\YangTianyi\Desktop\robotics\perception\IMG\robocam_2018_01_07_17_17_00_222.jpg;0;0;0;4.128782;111.116;43.84496;0.05107963;276.1315;359.0433
C:\Users\YangTianyi\Desktop\robotics\perception\IMG\robocam_2018_01_07_17_17_00_285.jpg;0;0;0;4.115357;111.1434;43.59887;0.1066449;276.0919;359.0531
C:\Users\YangTianyi\Desktop\robotics\perception\IMG\robocam_2018_01_07_17_17_00_349.jpg;0;0;0;4.10205;111.1702;43.35434;0.1141345;276.082;359.0786
C:\Users\YangTianyi\Desktop\robotics\perception\IMG\robocam_2018_01_07_17_17_00_421.jpg;0;0;0;4.084128;111.2054;43.03051;0.06788316;276.081;359.1364
C:\Users\YangTianyi\Desktop\robotics\perception\IMG\robocam_2018_01_07_17_17_00_487.jpg;0;0;0;4.070676;111.2314;42.78909;0.002226068;276.081;359.1931
C:\Users\YangTianyi\Desktop\robotics\perception\IMG\robocam_2018_01_07_17_17_00_554.jpg;0;0;0;4.052598;111.2575;42.54856;359.9323;276.0854;359.2719
C:\Users\YangTianyi\Desktop\robotics\perception\IMG\robocam_2018_01_07_17_17_00_622.jpg;0;0;0;4.038933;111.292;42.22929;359.8292;276.0927;359.401
C:\Users\YangTianyi\Desktop\robotics\perception\IMG\robocam_2018_01_07_17_17_00_691.jpg;0;0;0;4.025278;111.3176;41.99094;359.7416;276.0952;359.5033
C:\Users\YangTianyi\Desktop\robotics\perception\IMG\robocam_2018_01_07_17_17_00_752.jpg;0;0;0;4.007024;111.3432;41.75333;359.6598;276.1018;359.6214
C:\Users\YangTianyi\Desktop\robotics\perception\IMG\robocam_2018_01_07_17_17_00_815.jpg;0;0;0;3.993525;111.3685;41.51666;359.569;276.1028;359.7308
C:\Users\YangTianyi\Desktop\robotics\perception\IMG\robocam_2018_01_07_17_17_00_882.jpg;0;0;0;3.979774;111.4023;41.20209;359.466;276.1119;359.8936
C:\Users\YangTianyi\Desktop\robotics\perception\IMG\robocam_2018_01_07_17_17_00_949.jpg;0;0;0;3.961517;111.4273;40.96706;359.39;276.1139;0.004020724
C:\Users\YangTianyi\Desktop\robotics\perception\IMG\robocam_2018_01_07_17_17_01_018.jpg;0;0;0;3.948046;111.4599;40.65431;359.323;276.097;0.09362034
C:\Users\YangTianyi\Desktop\robotics\perception\IMG\robocam_2018_01_07_17_17_01_086.jpg;0;0;0;3.93329;111.4845;40.42049;359.2877;276.0884;0.145004
C:\Users\YangTianyi\Desktop\robotics\perception\IMG\robocam_2018_01_07_17_17_01_150.jpg;0;0;0.09715004;3.914696;111.5086;40.18709;359.2783;276.0709;0.1567197
C:\Users\YangTianyi\Desktop\robotics\perception\IMG\robocam_2018_01_07_17_17_01_223.jpg;0;0;0.306897;3.873541;111.5407;39.88182;359.1687;276.0618;0.1690655
C:\Users\YangTianyi\Desktop\robotics\perception\IMG\robocam_2018_01_07_17_17_01_289.jpg;0;0;0.5100936;3.796868;111.5633;39.66064;358.9766;276.0486;0.1177196
C:\Users\YangTianyi\Desktop\robotics\perception\IMG\robocam_2018_01_07_17_17_01_353.jpg;0;0;0.7085854;3.636438;111.5843;39.44815;358.6851;276.02;-0.001941719
